{"cameraMode":{"drawMode":0,"name":"Shaded","section":"Shading Mode"},"sceneLighting":false,"audioPlay":false,"sceneViewState":{"m_AlwaysRefresh":false,"showFog":true,"showSkybox":false,"showFlares":true,"showImageEffects":true,"showParticleSystems":true,"showVisualEffectGraphs":true,"m_FxEnabled":true},"in2DMode":false,"pivot":{"x":0.027184009552001954,"y":16.595470428466798,"z":-1.1362838745117188},"rotation":{"x":0.0013425013748928905,"y":-0.9943690299987793,"z":0.06646651774644852,"w":0.10064733773469925},"size":12.41781997680664,"orthographic":false}