{"cameraMode":{"drawMode":0,"name":"Shaded","section":"Shading Mode"},"sceneLighting":false,"audioPlay":false,"sceneViewState":{"m_AlwaysRefresh":false,"showFog":true,"showSkybox":false,"showFlares":true,"showImageEffects":true,"showParticleSystems":true,"showVisualEffectGraphs":true,"m_FxEnabled":true},"in2DMode":false,"pivot":{"x":7.244171619415283,"y":9.866190910339356,"z":-9.133407592773438},"rotation":{"x":0.007014827337116003,"y":-0.9828490018844605,"z":0.18141835927963258,"w":0.06538132578134537},"size":14.625933647155762,"orthographic":false}