{"cameraMode":{"drawMode":0,"name":"Shaded","section":"Shading Mode"},"sceneLighting":false,"audioPlay":false,"sceneViewState":{"m_AlwaysRefresh":false,"showFog":true,"showSkybox":false,"showFlares":true,"showImageEffects":true,"showParticleSystems":true,"showVisualEffectGraphs":true,"m_FxEnabled":true},"in2DMode":false,"pivot":{"x":27.280576705932618,"y":6.659769058227539,"z":-3.6619420051574709},"rotation":{"x":-0.018043257296085359,"y":0.9627716541290283,"z":-0.06782055646181107,"w":-0.26246756315231326},"size":3.8611865043640138,"orthographic":false}