{"cameraMode":{"drawMode":0,"name":"Shaded","section":"Shading Mode"},"sceneLighting":false,"audioPlay":false,"sceneViewState":{"m_AlwaysRefresh":false,"showFog":true,"showSkybox":true,"showFlares":true,"showImageEffects":true,"showParticleSystems":true,"showVisualEffectGraphs":true,"m_FxEnabled":true},"in2DMode":false,"pivot":{"x":8.441267013549805,"y":5.623788833618164,"z":3.9925379753112795},"rotation":{"x":0.08916069567203522,"y":0.7216266393661499,"z":-0.09454309940338135,"w":0.6801156401634216},"size":17.421937942504884,"orthographic":false}