{"cameraMode":{"drawMode":0,"name":"Shaded","section":"Shading Mode"},"sceneLighting":false,"audioPlay":false,"sceneViewState":{"m_AlwaysRefresh":false,"showFog":true,"showSkybox":true,"showFlares":true,"showImageEffects":true,"showParticleSystems":true,"showVisualEffectGraphs":true,"m_FxEnabled":true},"in2DMode":false,"pivot":{"x":55.367034912109378,"y":-0.3322734832763672,"z":-13.915559768676758},"rotation":{"x":-0.017174353823065759,"y":-0.9758970141410828,"z":0.20601460337638856,"w":-0.08389072865247727},"size":11.098033905029297,"orthographic":false}