{"cameraMode":{"drawMode":0,"name":"Shaded","section":"Shading Mode"},"sceneLighting":false,"audioPlay":false,"sceneViewState":{"m_AlwaysRefresh":false,"showFog":true,"showSkybox":true,"showFlares":true,"showImageEffects":true,"showParticleSystems":true,"showVisualEffectGraphs":true,"m_FxEnabled":true},"in2DMode":false,"pivot":{"x":55.20549011230469,"y":9.34997272491455,"z":-8.994148254394532},"rotation":{"x":-0.00018430096679367125,"y":-1.0005228519439698,"z":0.02502412535250187,"w":-0.012659696862101555},"size":8.709091186523438,"orthographic":false}