{"cameraMode":{"drawMode":0,"name":"Shaded","section":"Shading Mode"},"sceneLighting":false,"audioPlay":false,"sceneViewState":{"m_AlwaysRefresh":false,"showFog":true,"showSkybox":true,"showFlares":true,"showImageEffects":true,"showParticleSystems":true,"showVisualEffectGraphs":true,"m_FxEnabled":true},"in2DMode":false,"pivot":{"x":20.36896514892578,"y":9.603570938110352,"z":-13.776596069335938},"rotation":{"x":0.002621142193675041,"y":0.47077324986457827,"z":0.0025224958080798389,"w":-0.8829370737075806},"size":14.458980560302735,"orthographic":false}