{"cameraMode":{"drawMode":0,"name":"Shaded","section":"Shading Mode"},"sceneLighting":false,"audioPlay":false,"sceneViewState":{"m_AlwaysRefresh":false,"showFog":true,"showSkybox":true,"showFlares":true,"showImageEffects":true,"showParticleSystems":true,"showVisualEffectGraphs":true,"m_FxEnabled":true},"in2DMode":false,"pivot":{"x":2.828199863433838,"y":-5.614294528961182,"z":0.16048434376716615},"rotation":{"x":0.12045204639434815,"y":0.8662512898445129,"z":-0.2517325282096863,"w":0.41450265049934389},"size":16.763599395751954,"orthographic":false}