{"cameraMode":{"drawMode":0,"name":"Shaded","section":"Shading Mode"},"sceneLighting":false,"audioPlay":false,"sceneViewState":{"m_AlwaysRefresh":false,"showFog":true,"showSkybox":true,"showFlares":true,"showImageEffects":true,"showParticleSystems":true,"showVisualEffectGraphs":true,"m_FxEnabled":true},"in2DMode":false,"pivot":{"x":-26.463211059570314,"y":3.8019042015075685,"z":31.124340057373048},"rotation":{"x":-0.046827979385852817,"y":-0.9036957025527954,"z":0.09752706438302994,"w":-0.41874250769615176},"size":1.8701695203781129,"orthographic":true}