{"cameraMode":{"drawMode":0,"name":"Shaded","section":"Shading Mode"},"sceneLighting":false,"audioPlay":false,"sceneViewState":{"m_AlwaysRefresh":false,"showFog":true,"showSkybox":true,"showFlares":true,"showImageEffects":true,"showParticleSystems":true,"showVisualEffectGraphs":true,"m_FxEnabled":true},"in2DMode":false,"pivot":{"x":52.8392448425293,"y":5.841035842895508,"z":-3.5541582107543947},"rotation":{"x":0.005205970257520676,"y":-0.9601938128471375,"z":-0.016196496784687043,"w":-0.28097349405288699},"size":29.300752639770509,"orthographic":false}