{"cameraMode":{"drawMode":0,"name":"Shaded","section":"Shading Mode"},"sceneLighting":false,"audioPlay":false,"sceneViewState":{"m_AlwaysRefresh":false,"showFog":true,"showSkybox":true,"showFlares":true,"showImageEffects":true,"showParticleSystems":true,"showVisualEffectGraphs":true,"m_FxEnabled":true},"in2DMode":false,"pivot":{"x":53.110565185546878,"y":4.6870436668396,"z":-9.77892017364502},"rotation":{"x":-0.0030662359204143287,"y":-0.9899938106536865,"z":0.15063652396202088,"w":-0.0021409932523965837},"size":8.250609397888184,"orthographic":false}