{"cameraMode":{"drawMode":0,"name":"Shaded","section":"Shading Mode"},"sceneLighting":false,"audioPlay":false,"sceneViewState":{"m_AlwaysRefresh":false,"showFog":true,"showSkybox":true,"showFlares":true,"showImageEffects":true,"showParticleSystems":true,"showVisualEffectGraphs":true,"m_FxEnabled":true},"in2DMode":false,"pivot":{"x":27.234643936157228,"y":8.069650650024414,"z":-1.1027189493179322},"rotation":{"x":0.008238991722464562,"y":-0.9922838807106018,"z":0.07250697910785675,"w":0.10484703630208969},"size":9.911073684692383,"orthographic":false}