{"cameraMode":{"drawMode":0,"name":"Shaded","section":"Shading Mode"},"sceneLighting":false,"audioPlay":false,"sceneViewState":{"m_AlwaysRefresh":false,"showFog":true,"showSkybox":true,"showFlares":true,"showImageEffects":true,"showParticleSystems":true,"showVisualEffectGraphs":true,"m_FxEnabled":true},"in2DMode":false,"pivot":{"x":1.9686288833618165,"y":6.441082000732422,"z":-0.5749213695526123},"rotation":{"x":0.055532317608594897,"y":0.7670319080352783,"z":-0.046963322907686236,"w":0.6403540968894959},"size":29.886234283447267,"orthographic":false}