{"cameraMode":{"drawMode":0,"name":"Shaded","section":"Shading Mode"},"sceneLighting":false,"audioPlay":false,"sceneViewState":{"m_AlwaysRefresh":false,"showFog":true,"showSkybox":false,"showFlares":true,"showImageEffects":true,"showParticleSystems":true,"showVisualEffectGraphs":true,"m_FxEnabled":true},"in2DMode":false,"pivot":{"x":-0.01013946533203125,"y":18.765899658203126,"z":-28.242685317993165},"rotation":{"x":0.020308202132582666,"y":-0.9526590704917908,"z":-0.07519230246543884,"w":-0.2986469566822052},"size":24.261741638183595,"orthographic":false}