{"cameraMode":{"drawMode":0,"name":"Shaded","section":"Shading Mode"},"sceneLighting":false,"audioPlay":false,"sceneViewState":{"m_AlwaysRefresh":false,"showFog":true,"showSkybox":false,"showFlares":true,"showImageEffects":true,"showParticleSystems":true,"showVisualEffectGraphs":true,"m_FxEnabled":true},"in2DMode":false,"pivot":{"x":-0.01013946533203125,"y":16.25459098815918,"z":-0.9370777606964111},"rotation":{"x":-0.013583590276539326,"y":-0.876502275466919,"z":0.015609907917678357,"w":-0.48391491174697878},"size":8.36650562286377,"orthographic":false}