{"cameraMode":{"drawMode":0,"name":"Shaded","section":"Shading Mode"},"sceneLighting":true,"audioPlay":false,"sceneViewState":{"m_AlwaysRefresh":false,"showFog":true,"showSkybox":true,"showFlares":true,"showImageEffects":true,"showParticleSystems":true,"showVisualEffectGraphs":true,"m_FxEnabled":true},"in2DMode":false,"pivot":{"x":-34.24103546142578,"y":5.08301305770874,"z":1.3557214736938477},"rotation":{"x":-0.00047090023872442544,"y":-0.9959532022476196,"z":-0.09671614319086075,"w":-0.011526241898536682},"size":0.35705265402793887,"orthographic":false}