{"cameraMode":{"drawMode":0,"name":"Shaded","section":"Shading Mode"},"sceneLighting":true,"audioPlay":false,"sceneViewState":{"m_AlwaysRefresh":false,"showFog":true,"showSkybox":true,"showFlares":true,"showImageEffects":true,"showParticleSystems":true,"showVisualEffectGraphs":true,"m_FxEnabled":true},"in2DMode":false,"pivot":{"x":-50.180625915527347,"y":7.7764458656311039,"z":16.460535049438478},"rotation":{"x":0.01890682615339756,"y":-0.9662420153617859,"z":0.2342999130487442,"w":0.11993560940027237},"size":4.007038116455078,"orthographic":false}