{"cameraMode":{"drawMode":0,"name":"Shaded","section":"Shading Mode"},"sceneLighting":true,"audioPlay":false,"sceneViewState":{"m_AlwaysRefresh":false,"showFog":true,"showSkybox":true,"showFlares":true,"showImageEffects":true,"showParticleSystems":true,"showVisualEffectGraphs":true,"m_FxEnabled":true},"in2DMode":false,"pivot":{"x":-0.09000003337860108,"y":6.340000152587891,"z":0.5099999904632568},"rotation":{"x":-0.02549421600997448,"y":0.035136088728904727,"z":-0.007433461956679821,"w":-1.0005922317504883},"size":7.207844257354736,"orthographic":false}