{"cameraMode":{"drawMode":0,"name":"Shaded","section":"Shading Mode"},"sceneLighting":true,"audioPlay":false,"sceneViewState":{"m_AlwaysRefresh":false,"showFog":true,"showSkybox":true,"showFlares":true,"showImageEffects":true,"showParticleSystems":true,"showVisualEffectGraphs":true,"m_FxEnabled":true},"in2DMode":false,"pivot":{"x":65.73794555664063,"y":2.3579354286193849,"z":-14.140155792236329},"rotation":{"x":-0.016501519829034807,"y":0.9730991721153259,"z":-0.07537802308797836,"w":-0.21878162026405335},"size":4.948158264160156,"orthographic":false}