{"cameraMode":{"drawMode":0,"name":"Shaded","section":"Shading Mode"},"sceneLighting":true,"audioPlay":false,"sceneViewState":{"m_AlwaysRefresh":false,"showFog":true,"showSkybox":true,"showFlares":true,"showImageEffects":true,"showParticleSystems":true,"showVisualEffectGraphs":true,"m_FxEnabled":true},"in2DMode":false,"pivot":{"x":-2.129385471343994,"y":2.1078100204467775,"z":-22.25773811340332},"rotation":{"x":-0.00048029411118477583,"y":0.9976692795753479,"z":-0.018327249214053155,"w":0.08010169118642807},"size":0.22768253087997437,"orthographic":false}