{"cameraMode":{"drawMode":0,"name":"Shaded","section":"Shading Mode"},"sceneLighting":true,"audioPlay":false,"sceneViewState":{"m_AlwaysRefresh":false,"showFog":true,"showSkybox":true,"showFlares":true,"showImageEffects":true,"showParticleSystems":true,"showVisualEffectGraphs":true,"m_FxEnabled":true},"in2DMode":false,"pivot":{"x":0.08006757497787476,"y":4.509824752807617,"z":1.1902827024459839},"rotation":{"x":-0.41202500462532046,"y":-0.1227349042892456,"z":0.05388728529214859,"w":-0.9020225405693054},"size":1.558323860168457,"orthographic":false}