{"cameraMode":{"drawMode":0,"name":"Shaded","section":"Shading Mode"},"sceneLighting":true,"audioPlay":false,"sceneViewState":{"m_AlwaysRefresh":false,"showFog":true,"showSkybox":true,"showFlares":true,"showImageEffects":true,"showParticleSystems":true,"showVisualEffectGraphs":true,"m_FxEnabled":true},"in2DMode":false,"pivot":{"x":-0.01013946533203125,"y":16.708593368530275,"z":-0.7747130393981934},"rotation":{"x":-0.010216912254691124,"y":-0.9888609051704407,"z":0.052317917346954349,"w":-0.1488679200410843},"size":14.30627155303955,"orthographic":false}