{"cameraMode":{"drawMode":0,"name":"Shaded","section":"Shading Mode"},"sceneLighting":false,"audioPlay":false,"sceneViewState":{"m_AlwaysRefresh":false,"showFog":true,"showSkybox":false,"showFlares":true,"showImageEffects":true,"showParticleSystems":true,"showVisualEffectGraphs":true,"m_FxEnabled":true},"in2DMode":false,"pivot":{"x":0.7348873615264893,"y":5.327601432800293,"z":-1.8842027187347413},"rotation":{"x":-0.08299669623374939,"y":-0.4603287875652313,"z":0.043458327651023868,"w":-0.8829593658447266},"size":12.509140014648438,"orthographic":false}