{"cameraMode":{"drawMode":0,"name":"Shaded","section":"Shading Mode"},"sceneLighting":true,"audioPlay":false,"sceneViewState":{"m_AlwaysRefresh":false,"showFog":true,"showSkybox":true,"showFlares":true,"showImageEffects":true,"showParticleSystems":true,"showVisualEffectGraphs":true,"m_FxEnabled":true},"in2DMode":false,"pivot":{"x":-48.779605865478519,"y":3.5563158988952638,"z":8.000616073608399},"rotation":{"x":0.19319288432598115,"y":-0.7425742745399475,"z":0.24141879379749299,"w":0.5943526029586792},"size":31.668224334716798,"orthographic":false}